{"epoch": 14, "train_acc": 0.8031231642898026, "train_loss": -0.2747495076389594, "val_acc": 0.8715080347493163, "val_loss": -0.18175572604709833, "_timestamp": 1673017657.8613641, "_runtime": 5.965182065963745, "_step": 13, "_wandb": {"runtime": 7}}