{"test_metric": 0.5561617708509272, "_timestamp": 1673014498.8801515, "_runtime": 4.7541234493255615, "_step": 99, "_wandb": {"runtime": 4}}