{"epoch": 4, "train_acc": 0.4278014987519364, "train_loss": 0.7996552530180274, "val_acc": 0.31600244750978224, "val_loss": 0.9027157467953606, "_timestamp": 1673017672.8162963, "_runtime": 5.0612952709198, "_step": 3, "_wandb": {"runtime": 4}}