{"epoch": 4, "train_acc": 0.4075667670411891, "train_loss": 0.7169184709165808, "val_acc": 0.30021500010478236, "val_loss": 0.8435809128563494, "_timestamp": 1673208149.551977, "_runtime": 4.7083659172058105, "_step": 3, "_wandb": {"runtime": 3}}