{"epoch": 9, "train_acc": 0.5519930051229098, "train_loss": 0.30716850799347867, "val_acc": 0.6173905151765173, "val_loss": 0.3905618547795008, "_timestamp": 1673208111.3016958, "_runtime": 4.649967908859253, "_step": 8, "_wandb": {"runtime": 3}}