{"epoch": 14, "train_acc": 0.7611351634795932, "train_loss": -0.16664529330289962, "val_acc": 0.8373731023268797, "val_loss": -0.08778057806001871, "_timestamp": 1673017709.3675234, "_runtime": 4.914275407791138, "_step": 13, "_wandb": {"runtime": 4}}