{"test_metric": 0.17007119731232467, "_timestamp": 1673001639.862204, "_runtime": 4.035667181015015, "_step": 99, "_wandb": {"runtime": 3}}