{"test_metric": 0.9687943076899876, "_timestamp": 1673014693.8713377, "_runtime": 5.064850568771362, "_step": 99, "_wandb": {"runtime": 4}}