{"epoch": 14, "train_acc": 0.7672067012796328, "train_loss": -0.2640514105781255, "val_acc": 0.8212578965654167, "val_loss": -0.17764642953743315, "_timestamp": 1673208089.322882, "_runtime": 4.6651599407196045, "_step": 13, "_wandb": {"runtime": 3}}