{"test_metric": 0.14259040436878623, "_timestamp": 1673013034.2669182, "_runtime": 3.1759650707244873, "_step": 99, "_wandb": {"runtime": 2}}