{"graph_1": {"_type": "graph-file", "sha256": "c3e0399523bcc568714dadfa0246c2e52a12351179061232b99400409733422f", "size": 26866, "path": "media/graph/graph_1_summary_c3e0399523bcc568714d.graph.json"}, "train-loss": 0.35295844078063965, "epoch": 5, "trainer/global_step": 649, "_timestamp": 1674159722.844978, "_runtime": 188.6914701461792, "_step": 12, "gradients/graph_1class_layer.bias": {"_type": "histogram", "values": [0.0, 0.0, 0.0, 0.0, 0.0, 0.0, 0.0, 0.0, 0.0, 0.0, 0.0, 0.0, 0.0, 0.0, 0.0, 0.0, 0.0, 0.0, 0.0, 0.0, 0.0, 0.0, 0.0, 0.0, 0.0, 0.0, 0.0, 0.0, 0.0, 0.0, 0.0, 0.0, 1.0, 0.0, 0.0, 0.0, 0.0, 0.0, 0.0, 0.0, 0.0, 0.0, 0.0, 0.0, 0.0, 0.0, 0.0, 0.0, 0.0, 0.0, 0.0, 0.0, 0.0, 0.0, 0.0, 0.0, 0.0, 0.0, 0.0, 0.0, 0.0, 0.0, 0.0, 0.0], "bins": [0.011156460270285606, 0.011156460270285606, 0.011156460270285606, 0.011156460270285606, 0.011156460270285606, 0.011156460270285606, 0.011156460270285606, 0.011156460270285606, 0.011156460270285606, 0.011156460270285606, 0.011156460270285606, 0.011156460270285606, 0.011156460270285606, 0.011156460270285606, 0.011156460270285606, 0.011156460270285606, 0.011156460270285606, 0.011156460270285606, 0.011156460270285606, 0.011156460270285606, 0.011156460270285606, 0.011156460270285606, 0.011156460270285606, 0.011156460270285606, 0.011156460270285606, 0.011156460270285606, 0.011156460270285606, 0.011156460270285606, 0.011156460270285606, 0.011156460270285606, 0.011156460270285606, 0.011156460270285606, 0.011156460270285606, 0.011156460270285606, 0.011156460270285606, 0.011156460270285606, 0.011156460270285606, 0.011156460270285606, 0.011156460270285606, 0.011156460270285606, 0.011156460270285606, 0.011156460270285606, 0.011156460270285606, 0.011156460270285606, 0.011156460270285606, 0.011156460270285606, 0.011156460270285606, 0.011156460270285606, 0.011156460270285606, 0.011156460270285606, 0.011156460270285606, 0.011156460270285606, 0.011156460270285606, 0.011156460270285606, 0.011156460270285606, 0.011156460270285606, 0.011156460270285606, 0.011156460270285606, 0.011156460270285606, 0.011156460270285606, 0.011156460270285606, 0.011156460270285606, 0.011156460270285606, 0.011156460270285606, 0.011156460270285606]}, "gradients/graph_1class_layer.weight": {"_type": "histogram", "values": [2.0, 3.0, 2.0, 1.0, 1.0, 2.0, 4.0, 2.0, 6.0, 5.0, 12.0, 5.0, 16.0, 12.0, 22.0, 24.0, 33.0, 28.0, 30.0, 40.0, 40.0, 47.0, 51.0, 58.0, 54.0, 62.0, 54.0, 63.0, 65.0, 69.0, 68.0, 58.0, 65.0, 72.0, 60.0, 52.0, 45.0, 36.0, 46.0, 42.0, 34.0, 35.0, 28.0, 23.0, 24.0, 10.0, 17.0, 12.0, 8.0, 8.0, 5.0, 7.0, 3.0, 1.0, 3.0, 2.0, 2.0, 2.0, 0.0, 0.0, 0.0, 0.0, 0.0, 1.0], "bins": [-0.011693805456161499, -0.011295618489384651, -0.010897431522607803, -0.010499244555830956, -0.010101057589054108, -0.00970287062227726, -0.009304684586822987, -0.008906497620046139, -0.008508310653269291, -0.008110123686492443, -0.007711936719715595, -0.007313750218600035, -0.006915563251823187, -0.006517376285046339, -0.0061191897839307785, -0.005721002817153931, -0.005322815850377083, -0.004924628883600235, -0.004526441916823387, -0.004128255415707827, -0.0037300684489309788, -0.003331881482154131, -0.0029336947482079268, -0.0025355080142617226, -0.0021373210474848747, -0.0017391341971233487, -0.0013409473467618227, -0.0009427604964002967, -0.0005445736460387707, -0.00014638667926192284, 0.00025180005468428135, 0.0006499867886304855, 0.001048174686729908, 0.001446361537091434, 0.00184454838745296, 0.002242735121399164, 0.002640922088176012, 0.00303910905495286, 0.003437295788899064, 0.0038354825228452682, 0.004233669489622116, 0.004631856456398964, 0.005030043423175812, 0.005428229924291372, 0.00582641689106822, 0.006224603857845068, 0.0066227903589606285, 0.007020977325737476, 0.007419164292514324, 0.007817351259291172, 0.00821553822606802, 0.008613725192844868, 0.009011911228299141, 0.009410098195075989, 0.009808285161852837, 0.010206472128629684, 0.010604659095406532, 0.01100284606218338, 0.011401033028960228, 0.011799219995737076, 0.012197406962513924, 0.012595593929290771, 0.012993779964745045, 0.013391966931521893, 0.01379015389829874]}, "gradients/graph_1hidden_layer.bias": {"_type": "histogram", "values": [3.0, 1.0, 2.0, 3.0, 1.0, 3.0, 5.0, 10.0, 6.0, 15.0, 10.0, 13.0, 15.0, 12.0, 17.0, 20.0, 26.0, 30.0, 31.0, 33.0, 29.0, 31.0, 35.0, 39.0, 44.0, 65.0, 79.0, 74.0, 141.0, 107.0, 89.0, 70.0, 59.0, 48.0, 37.0, 36.0, 37.0, 43.0, 27.0, 28.0, 21.0, 25.0, 27.0, 26.0, 17.0, 17.0, 20.0, 16.0, 9.0, 4.0, 6.0, 4.0, 3.0, 1.0, 2.0, 1.0, 2.0, 0.0, 3.0, 2.0, 1.0, 0.0, 0.0, 1.0], "bins": [-0.00033086194889619946, -0.0003194388991687447, -0.0003080158494412899, -0.0002965927997138351, -0.00028516974998638034, -0.000273746729362756, -0.0002623236505314708, -0.00025090062990784645, -0.00023947758018039167, -0.0002280545304529369, -0.0002166314807254821, -0.00020520843099802732, -0.00019378539582248777, -0.000182362346095033, -0.0001709392963675782, -0.00015951626119203866, -0.00014809319691266865, -0.00013667014718521386, -0.00012524709745775908, -0.00011382405500626191, -0.00010240101255476475, -9.097796282730997e-05, -7.955491309985518e-05, -6.813187064835802e-05, -5.670881364494562e-05, -4.528576755546965e-05, -3.386272146599367e-05, -2.243967173853889e-05, -1.1016625649062917e-05, 4.064204404130578e-07, 1.182947016786784e-05, 2.3252512619365007e-05, 3.4675555070862174e-05, 4.609860116033815e-05, 5.752164724981412e-05, 6.89446969772689e-05, 8.036773942876607e-05, 9.179078915622085e-05, 0.00010321383888367563, 0.0001146368813351728, 0.00012605992378666997, 0.00013748297351412475, 0.00014890602324157953, 0.00016032907296903431, 0.00017175210814457387, 0.00018317515787202865, 0.00019459820759948343, 0.00020602124277502298, 0.000217444307054393, 0.00022886735678184777, 0.00024029040650930256, 0.0002517134416848421, 0.0002631364914122969, 0.00027455954113975167, 0.00028598259086720645, 0.00029740564059466124, 0.000308828690322116, 0.0003202517400495708, 0.0003316747897770256, 0.00034309783950448036, 0.00035452088923193514, 0.0003659439389593899, 0.00037736695958301425, 0.00038879000931046903, 0.0004002130590379238]}, "gradients/graph_1hidden_layer.weight": {"_type": "histogram", "values": [1.0, 0.0, 1.0, 4.0, 5.0, 1.0, 9.0, 6.0, 10.0, 20.0, 24.0, 38.0, 54.0, 93.0, 136.0, 212.0, 312.0, 433.0, 869.0, 1339.0, 1991.0, 3211.0, 5424.0, 8634.0, 12232.0, 17939.0, 25445.0, 38126.0, 61226.0, 124918.0, 487139.0, 202598.0, 82082.0, 45835.0, 31283.0, 20850.0, 14557.0, 9981.0, 6874.0, 4183.0, 2508.0, 1612.0, 1031.0, 620.0, 373.0, 229.0, 164.0, 124.0, 74.0, 50.0, 21.0, 22.0, 10.0, 11.0, 5.0, 10.0, 6.0, 2.0, 2.0, 4.0, 1.0, 1.0, 0.0, 1.0],