{"epoch": 4, "train_acc": 0.407571840288686, "train_loss": 0.8182932291580469, "val_acc": 0.32196366316953445, "val_loss": 0.8467158678436523, "_timestamp": 1673208127.8773825, "_runtime": 4.485933542251587, "_step": 3, "_wandb": {"runtime": 3}}