{"epoch": 14, "train_acc": 0.7733785434726907, "train_loss": -0.29955527313829616, "val_acc": 0.8536670002666663, "val_loss": -0.16323455747140936, "_timestamp": 1673017693.8693662, "_runtime": 5.001405239105225, "_step": 13, "_wandb": {"runtime": 4}}