{"test_metric": 0.6749809516993567, "_timestamp": 1673015082.3595347, "_runtime": 4.880776643753052, "_step": 99, "_wandb": {"runtime": 4}}